{
  "project_info": {
    "project_number": "468188741976",
    "firebase_url": "https://votein-5273c.firebaseio.com",
    "project_id": "votein-5273c",
    "storage_bucket": "votein-5273c.appspot.com"
  },
  "client": [
    {
      "client_info": {
        "mobilesdk_app_id": "1:468188741976:android:8c86d5024ff0073d",
        "android_client_info": {
          "package_name": "india.vote.votein"
        }
      },
      "oauth_client": [
        {
          "client_id": "468188741976-3nnvg2be4ri5187415j51eldc3tn5j6k.apps.googleusercontent.com",
          "client_type": 1,
          "android_info": {
            "package_name": "india.vote.votein",
            "certificate_hash": "582ff649f5da39fe4c41b4d31b9db3463955c551"
          }
        },
        {
          "client_id": "468188741976-av4cp86vvbkrqf7eqruj9oq7qvvuufq6.apps.googleusercontent.com",
          "client_type": 1,
          "android_info": {
            "package_name": "india.vote.votein",
            "certificate_hash": "85606bf60fa9bf011af2c3e2ae3fee2e66896e18"
          }
        },
        {
          "client_id": "468188741976-crlp2d3ae5iihf3hi4e0aj5s63qusi67.apps.googleusercontent.com",
          "client_type": 3
        }
      ],
      "api_key": [
        {
          "current_key": "AIzaSyC3L1vNifveLZ35-4bJN23IHajO5yoJGWo"
        }
      ],
      "services": {
        "analytics_service": {
          "status": 1
        },
        "appinvite_service": {
          "status": 2,
          "other_platform_oauth_client": [
            {
              "client_id": "468188741976-crlp2d3ae5iihf3hi4e0aj5s63qusi67.apps.googleusercontent.com",
              "client_type": 3
            }
          ]
        },
        "ads_service": {
          "status": 2
        }
      }
    }
  ],
  "configuration_version": "1"
}